link,img,product,color,brand,greenable,discounted,disc_price,orig_price
/en/product/hoodie-venice-address-grey-deux-ex-machina-322916,https://static.smallable.com/1731880-648x648q80/.jpg,hoodie venice address,grey,deus ex machina,0,0,119.0,119.0
/en/product/lionel-sunglasses-green-komono-313851,https://static.smallable.com/1678544-648x648q80/.jpg,lionel sunglasses,green,komono,1,0,59.0,59.0
/en/product/set-2-paires-chaussettes-collection-adulte-khaki-bobo-choses-324296,https://static.smallable.com/1731207-648x648q80/.jpg,set 2 paires chaussettes - collection adulte ,khaki,bobo choses,0,0,30.0,30.0
/en/product/hoodie-essential-black-the-north-face-335350,https://static.smallable.com/1731362-648x648q80/.jpg,hoodie essential,black,the north face,0,0,85.0,85.0
/en/product/hoodie-essential-heather-grey-the-north-face-335351,https://static.smallable.com/1731364-648x648q80/.jpg,hoodie essential,heather grey,the north face,0,0,85.0,85.0
/en/product/classic-backpack-yellow-the-north-face-296854,https://static.smallable.com/1543537-648x648q80/.jpg,classic backpack,yellow,the north face,0,0,125.0,125.0
/en/product/t-shirt-county-brown-deux-ex-machina-322898,https://static.smallable.com/1730752-648x648q80/.jpg,t-shirt county,brown,deus ex machina,0,0,49.0,49.0
/en/product/t-shirt-county-white-deux-ex-machina-322897,https://static.smallable.com/1730748-648x648q80/.jpg,t-shirt county,white,deus ex machina,1,0,49.0,49.0
/en/product/t-shirt-inline-khaki-deux-ex-machina-322896,https://static.smallable.com/1730744-648x648q80/.jpg,t-shirt inline ,khaki,deus ex machina,1,0,49.0,49.0
/en/product/t-shirt-time-and-sound-charcoal-grey-deux-ex-machina-322892,https://static.smallable.com/1730732-648x648q80/.jpg,t-shirt time and sound,charcoal grey,deus ex machina,1,0,69.0,69.0
/en/product/t-shirt-pub-nuisance-charcoal-grey-deux-ex-machina-322891,https://static.smallable.com/1730728-648x648q80/.jpg,t-shirt pub nuisance,charcoal grey,deus ex machina,1,0,89.0,89.0
/en/product/t-shirt-screw-loose-white-deux-ex-machina-322890,https://static.smallable.com/1730724-648x648q80/.jpg,t-shirt screw loose,white,deus ex machina,1,0,69.0,69.0
/en/product/sweat-harmony-charcoal-grey-deux-ex-machina-322888,https://static.smallable.com/1730715-648x648q80/.jpg,sweat harmony,charcoal grey,deus ex machina,1,0,109.0,109.0
/en/product/chaussettes-wool-off-white-thunders-love-330169,https://static.smallable.com/1730079-648x648q80/.jpg,chaussettes wool,off white,thunders love,1,0,30.0,30.0
/en/product/chaussettes-charlie-pink-thunders-love-330165,https://static.smallable.com/1730077-648x648q80/.jpg,chaussettes charlie,pink,thunders love,1,0,25.0,25.0
/en/product/chaussettes-wool-green-thunders-love-330168,https://static.smallable.com/1730078-648x648q80/.jpg,chaussettes wool,green,thunders love,1,0,30.0,30.0
/en/product/chaussettes-charlie-blue-thunders-love-330162,https://static.smallable.com/1730076-648x648q80/.jpg,chaussettes charlie,blue,thunders love,1,0,25.0,25.0
/en/product/sac-a-dos-retreat-small-recycle-grey-green-herschel-331207,https://static.smallable.com/1712639-648x648q80/.jpg,sac a dos retreat small recycle,grey-green,herschel,1,0,75.0,75.0
/en/product/sac-a-dos-retreat-recycle-black-herschel-331204,https://static.smallable.com/1712647-648x648q80/.jpg,sac a dos retreat recycle,black,herschel,1,0,110.0,110.0
/en/product/sac-a-dos-retreat-recycle-blue-herschel-331205,https://static.smallable.com/1712651-648x648q80/.jpg,sac a dos retreat recycle,blue,herschel,1,0,110.0,110.0
/en/product/sac-a-dos-mohave-forest-green-element-332866,https://static.smallable.com/1715578-648x648q80/.jpg,sac a dos mohave,forest green,element,1,0,70.0,70.0
/en/product/portefeuille-mini-steel-grey-rains-323199,https://static.smallable.com/1693213-648x648q80/.jpg,portefeuille mini,steel grey,rains,0,0,55.0,55.0
/en/product/portefeuille-mini-blue-rains-323198,https://static.smallable.com/1693210-648x648q80/.jpg,portefeuille mini,blue,rains,0,0,55.0,55.0
/en/product/banane-jona-beige-ucon-acrobatics-331240,https://static.smallable.com/1721570-648x648q80/.jpg,banane jona,beige,ucon acrobatics,1,0,50.0,50.0
/en/product/banane-jona-forest-green-ucon-acrobatics-331239,https://static.smallable.com/1721569-648x648q80/.jpg,banane jona,forest green,ucon acrobatics,1,0,50.0,50.0
/en/product/pounch-pouch-black-ykra-268490,https://static.smallable.com/1461421-648x648q80/.jpg,pounch pouch,black,ykra,1,0,39.0,39.0
/en/product/string-waterproof-parka-black-rains-262837,https://static.smallable.com/1360952-648x648q80/.jpg,string waterproof parka,black,rains,0,0,120.0,120.0
/en/product/damsville-jumper-heather-grey-american-vintage-289817,https://static.smallable.com/1706022-648x648q80/.jpg,damsville jumper,heather grey,american vintage,0,0,115.0,115.0
/en/product/decatur-long-sleeve-t-shirt-carbon-american-vintage-289793,https://static.smallable.com/1706017-648x648q80/.jpg,decatur long sleeve t-shirt,carbon,american vintage,0,0,45.0,45.0
/en/product/claude-le-vrai-3-0-waterproof-windbreaker-women-s-collection-k-way-227721,https://static.smallable.com/1257702-648x648q80/claude-le-vrai-30-waterproof-windbreaker-women-s-collection.jpg,claude le vrai 3.0 waterproof windbreaker - women's collection,none,k-way,0,0,99.0,99.0
/en/product/nihon-jeans-vintage-blue-denim-edwin-260216,https://static.smallable.com/1601169-648x648q80/.jpg,nihon jeans,vintage blue denim,edwin,0,0,185.0,185.0
/en/product/zipped-pouch-yellow-ykra-220213,https://static.smallable.com/1222928-648x648q80/zipped-pouch.jpg,zipped pouch,yellow,ykra,1,0,39.0,39.0
/en/product/handy-backpack-pale-green-lefrik-277053,https://static.smallable.com/1477040-648x648q80/.jpg,handy backpack,pale green,lefrik,1,0,60.0,60.0
/en/product/ben-jacket-navy-blue-a-p-c-287631,https://static.smallable.com/1551107-648x648q80/.jpg,ben jacket,navy blue,a.p.c.,0,0,495.0,495.0
/en/product/eden-vpc-denim-cap-indigo-blue-a-p-c-252608,https://static.smallable.com/1686791-648x648q80/.jpg,eden vpc denim cap,indigo blue,a.p.c.,0,0,95.0,95.0
/en/product/hoodie-heart-caramel-carhartt-321629,https://static.smallable.com/1720312-648x648q80/.jpg,hoodie heart,caramel,carhartt wip,0,0,119.0,119.0
/en/product/sweat-american-script-taupe-brown-carhartt-321624,https://static.smallable.com/1720241-648x648q80/.jpg,sweat american script,taupe brown,carhartt wip,0,0,89.0,89.0
/en/product/hoodie-american-script-taupe-brown-carhartt-321625,https://static.smallable.com/1720244-648x648q80/.jpg,hoodie american script,taupe brown,carhartt wip,0,0,99.0,99.0
/en/product/blend-socks-brown-thunders-love-287296,https://static.smallable.com/1477193-648x648q80/.jpg,blend socks,brown,thunders love,1,0,28.0,28.0
/en/product/sweat-heart-pocket-black-carhartt-321628,https://static.smallable.com/1720287-648x648q80/.jpg,sweat heart pocket,black,carhartt wip,0,0,129.0,129.0
/en/product/t-shirt-manches-longues-henley-coton-grey-velva-sheen-326522,https://static.smallable.com/1720378-648x648q80/.jpg,t-shirt manches longues henley coton,grey,velva sheen,0,0,135.0,135.0
/en/product/casquette-heart-patch-natural-carhartt-321612,https://static.smallable.com/1720493-648x648q80/.jpg,casquette heart patch,natural,carhartt wip,0,0,59.0,59.0
/en/product/nautical-turn-old-port-socks-beige-thunders-love-287287,https://static.smallable.com/1527435-648x648q80/.jpg,nautical turn old port socks,beige,thunders love,1,0,25.0,25.0
/en/product/tote-bag-terrell-stripe-ecru-carhartt-321610,https://static.smallable.com/1720489-648x648q80/.jpg,tote bag terrell stripe,ecru,carhartt wip,0,0,69.0,69.0
/en/product/chemise-lyman-ecru-carhartt-321620,https://static.smallable.com/1720279-648x648q80/.jpg,chemise lyman,ecru,carhartt wip,0,0,129.0,129.0
/en/product/chemisette-terrell-stripe-ecru-carhartt-321619,https://static.smallable.com/1720276-648x648q80/.jpg,chemisette terrell stripe,ecru,carhartt wip,0,0,89.0,89.0
/en/product/casquette-madison-aubergine-carhartt-321611,https://static.smallable.com/1720448-648x648q80/.jpg,casquette madison,aubergine,carhartt wip,0,0,39.0,39.0
/en/product/t-shirt-manches-longues-chase-coton-forest-green-carhartt-321634,https://static.smallable.com/1720256-648x648q80/.jpg,t-shirt manches longues chase coton,forest green,carhartt wip,0,0,45.0,45.0
/en/product/t-shirt-chase-coton-forest-green-carhartt-321632,https://static.smallable.com/1720250-648x648q80/.jpg,t-shirt chase coton,forest green,carhartt wip,0,0,39.0,39.0
/en/product/jogger-duster-forest-green-carhartt-321627,https://static.smallable.com/1720285-648x648q80/.jpg,jogger duster,forest green,carhartt wip,0,0,129.0,129.0
/en/product/sweat-duster-forest-green-carhartt-321626,https://static.smallable.com/1720282-648x648q80/.jpg,sweat duster,forest green,carhartt wip,0,0,119.0,119.0
/en/product/sweat-chase-forest-green-carhartt-321622,https://static.smallable.com/1720235-648x648q80/.jpg,sweat chase,forest green,carhartt wip,0,0,75.0,75.0
/en/product/sacoche-essentials-olive-green-carhartt-321609,https://static.smallable.com/1720479-648x648q80/.jpg,sacoche essentials,olive green,carhartt wip,1,0,49.0,49.0
/en/product/jean-large-landon-vintage-blue-denim-carhartt-321617,https://static.smallable.com/1720274-648x648q80/.jpg,jean large landon,vintage blue denim,carhartt wip,0,0,89.0,89.0
/en/product/t-shirt-radiant-rosewood-carhartt-321641,https://static.smallable.com/1720318-648x648q80/.jpg,t-shirt radiant,rosewood,carhartt wip,1,0,59.0,59.0
/en/product/t-shirt-chase-coton-rosewood-carhartt-321633,https://static.smallable.com/1720253-648x648q80/.jpg,t-shirt chase coton,rosewood,carhartt wip,0,0,39.0,39.0
/en/product/sweat-chase-rosewood-carhartt-321623,https://static.smallable.com/1720238-648x648q80/.jpg,sweat chase,rosewood,carhartt wip,0,0,75.0,75.0
/en/product/t-shirt-signature-coton-bio-white-carhartt-321640,https://static.smallable.com/1720315-648x648q80/.jpg,t-shirt signature coton bio,white,carhartt wip,1,0,55.0,55.0
/en/product/t-shirt-pocket-coton-white-carhartt-321637,https://static.smallable.com/1720262-648x648q80/.jpg,t-shirt pocket coton,white,carhartt wip,0,0,39.0,39.0
/en/product/t-shirt-chase-coton-white-carhartt-321630,https://static.smallable.com/1720290-648x648q80/.jpg,t-shirt chase coton,white,carhartt wip,0,0,39.0,39.0
/en/product/calecon-heart-coton-white-carhartt-321614,https://static.smallable.com/1720267-648x648q80/.jpg,caleçon heart coton,white,carhartt wip,0,0,29.0,29.0
/en/product/jean-large-nash-double-knee-denim-brut-carhartt-321616,https://static.smallable.com/1720272-648x648q80/.jpg,jean large nash double knee,denim brut,carhartt wip,0,0,119.0,119.0
/en/product/veste-en-jean-nash-denim-brut-carhartt-321615,https://static.smallable.com/1720269-648x648q80/.jpg,veste en jean nash,denim brut,carhartt wip,0,0,169.0,169.0
/en/product/t-shirt-pocket-coton-verdigris-carhartt-321636,https://static.smallable.com/1720259-648x648q80/.jpg,t-shirt pocket coton,verdigris,carhartt wip,0,0,35.0,35.0
/en/product/nautical-turn-oceanside-socks-green-thunders-love-287290,https://static.smallable.com/1477183-648x648q80/.jpg,nautical turn oceanside socks,green,thunders love,1,0,25.0,25.0
/en/product/t-shirt-pocket-coton-midnight-blue-carhartt-321635,https://static.smallable.com/1720293-648x648q80/.jpg,t-shirt pocket coton,midnight blue,carhartt wip,0,0,35.0,35.0
/en/product/t-shirt-chase-coton-royal-blue-carhartt-321631,https://static.smallable.com/1720247-648x648q80/.jpg,t-shirt chase coton,royal blue,carhartt wip,0,0,39.0,39.0
/en/product/sweat-chase-royal-blue-carhartt-321621,https://static.smallable.com/1720232-648x648q80/.jpg,sweat chase,royal blue,carhartt wip,0,0,75.0,75.0
/en/product/t-shirt-liquid-script-coton-bio-navy-blue-carhartt-321639,https://static.smallable.com/1720302-648x648q80/.jpg,t-shirt liquid script coton bio,navy blue,carhartt wip,1,0,45.0,45.0
/en/product/t-shirt-double-heart-coton-bio-navy-blue-carhartt-321638,https://static.smallable.com/1720299-648x648q80/.jpg,t-shirt double heart coton bio,navy blue,carhartt wip,1,0,49.0,49.0
/en/product/casquette-liquid-script-navy-blue-carhartt-321613,https://static.smallable.com/1720496-648x648q80/.jpg,casquette liquid script,navy blue,carhartt wip,0,0,55.0,55.0
/en/product/decatur-t-shirt-heather-grey-american-vintage-329967,https://static.smallable.com/1706041-648x648q80/.jpg,decatur t-shirt,heather grey,american vintage,0,0,40.0,40.0
/en/product/damsville-woollen-zip-sweater-charcoal-american-vintage-329984,https://static.smallable.com/1715609-648x648q80/.jpg,damsville woollen zip sweater,charcoal,american vintage,0,0,145.0,145.0
/en/product/damsville-sweater-petrol-blue-american-vintage-329981,https://static.smallable.com/1706027-648x648q80/.jpg,damsville sweater,petrol blue,american vintage,0,0,115.0,115.0
/en/product/sonoma-long-sleeve-t-shirt-dark-green-american-vintage-329963,https://static.smallable.com/1715602-648x648q80/.jpg,sonoma long sleeve t-shirt,dark green,american vintage,0,0,65.0,65.0
/en/product/bobypark-t-shirt-ecru-american-vintage-329979,https://static.smallable.com/1715604-648x648q80/.jpg,bobypark t-shirt,ecru,american vintage,1,0,90.0,90.0
/en/product/east-alpaca-sweater-oatmeal-american-vintage-329983,https://static.smallable.com/1715607-648x648q80/.jpg,east alpaca sweater,oatmeal,american vintage,0,0,175.0,175.0
/en/product/bobypark-sweatpants-br-ecru-american-vintage-329980,https://static.smallable.com/1715605-648x648q80/.jpg,bobypark sweatpants<br>,ecru,american vintage,1,0,100.0,100.0
/en/product/decatur-t-shirt-black-american-vintage-329965,https://static.smallable.com/1706038-648x648q80/.jpg,decatur t-shirt,black,american vintage,0,0,45.0,45.0
/en/product/kickflip-backpack-black-carhartt-255957,https://static.smallable.com/1406427-648x648q80/.jpg,kickflip backpack,black,carhartt wip,0,0,89.0,89.0
/en/product/decatur-t-shirt-white-american-vintage-329964,https://static.smallable.com/1706036-648x648q80/.jpg,decatur t-shirt,white,american vintage,0,0,45.0,45.0
/en/product/chaussettes-nautical-turn-beach-breack-ecru-thunders-love-330170,https://static.smallable.com/1715853-648x648q80/.jpg,chaussettes nautical turn beach breack,ecru,thunders love,1,0,30.0,30.0
/en/product/chaussettes-forest-purple-thunders-love-330167,https://static.smallable.com/1715857-648x648q80/.jpg,chaussettes forest,purple,thunders love,1,0,28.0,28.0
/en/product/chaussettes-charlie-red-thunders-love-330164,https://static.smallable.com/1715851-648x648q80/.jpg,chaussettes charlie,red,thunders love,1,0,25.0,25.0
/en/product/chaussettes-forest-coral-thunders-love-330166,https://static.smallable.com/1715855-648x648q80/.jpg,chaussettes forest,coral,thunders love,1,0,28.0,28.0
/en/product/chaussettes-charlie-black-thunders-love-330163,https://static.smallable.com/1715850-648x648q80/.jpg,chaussettes charlie,black,thunders love,1,0,25.0,25.0
/en/product/chaussettes-nautical-turn-oceanside-navy-blue-thunders-love-330171,https://static.smallable.com/1715846-648x648q80/.jpg,chaussettes nautical turn oceanside,navy blue,thunders love,1,0,25.0,25.0
/en/product/decatur-t-shirt-dark-heather-grey-american-vintage-329966,https://static.smallable.com/1706040-648x648q80/.jpg,decatur t-shirt,dark heather grey,american vintage,0,0,40.0,40.0
/en/product/razpark-alpaca-and-wool-sweater-heather-white-american-vintage-329986,https://static.smallable.com/1705990-648x648q80/.jpg,razpark alpaca and wool sweater,heather white,american vintage,0,0,155.0,155.0
/en/product/kodytown-hoodie-heather-white-american-vintage-329973,https://static.smallable.com/1706058-648x648q80/.jpg,kodytown hoodie,heather white,american vintage,1,0,135.0,135.0
/en/product/gamipy-t-shirt-sand-american-vintage-329968,https://static.smallable.com/1706052-648x648q80/.jpg,gamipy t-shirt,sand,american vintage,0,0,45.0,45.0
/en/product/chaussettes-helen-grey-thunders-love-330172,https://static.smallable.com/1715848-648x648q80/.jpg,chaussettes helen,grey,thunders love,1,0,25.0,25.0
/en/product/damsville-sweater-black-american-vintage-329982,https://static.smallable.com/1706029-648x648q80/.jpg,damsville sweater,black,american vintage,0,0,115.0,115.0
/en/product/charlie-cap-beige-a-p-c-321148,https://static.smallable.com/1686787-648x648q80/.jpg,charlie cap,beige,a.p.c.,0,0,95.0,95.0
/en/product/surchemise-basile-laine-beige-a-p-c-321186,https://static.smallable.com/1690094-648x648q80/.jpg,surchemise basile laine,beige,a.p.c.,0,0,260.0,260.0
/en/product/sac-a-dos-trek-navy-blue-a-p-c-321146,https://static.smallable.com/1686743-648x648q80/.jpg,sac a dos trek,navy blue,a.p.c.,0,0,345.0,345.0
/en/product/pull-alois-navy-blue-a-p-c-321130,https://static.smallable.com/1686822-648x648q80/.jpg,pull alois,navy blue,a.p.c.,0,0,200.0,200.0
/en/product/veste-franckie-laine-navy-blue-a-p-c-321176,https://static.smallable.com/1686768-648x648q80/.jpg,veste franckie laine,navy blue,a.p.c.,0,0,395.0,395.0
/en/product/pullover-coton-copper-red-velva-sheen-326525,https://static.smallable.com/1711821-648x648q80/.jpg,pullover coton,copper red,velva sheen,0,0,160.0,160.0
/en/product/sweat-brushed-thermal-coton-natural-velva-sheen-326532,https://static.smallable.com/1699955-648x648q80/.jpg,sweat brushed thermal coton,natural,velva sheen,0,0,170.0,170.0
/en/product/t-shirt-raymond-white-a-p-c-321139,https://static.smallable.com/1708040-648x648q80/.jpg,t-shirt raymond,white,a.p.c.,0,0,100.0,100.0
/en/product/edouard-shirt-white-a-p-c-287641,https://static.smallable.com/1686802-648x648q80/.jpg,edouard shirt,white,a.p.c.,0,0,170.0,170.0
/en/product/sweat-brushed-thermal-coton-navy-blue-velva-sheen-326533,https://static.smallable.com/1699956-648x648q80/.jpg,sweat brushed thermal coton,navy blue,velva sheen,0,0,170.0,170.0
/en/product/t-shirt-rolled-coton-black-velva-sheen-326531,https://static.smallable.com/1720229-648x648q80/.jpg,t-shirt rolled coton,black,velva sheen,0,0,68.0,68.0
/en/product/pack-2-t-shirts-coton-black-velva-sheen-326517,https://static.smallable.com/1720363-648x648q80/.jpg,pack 2 t-shirts coton,black,velva sheen,0,0,90.0,90.0
/en/product/pack-2-t-shirts-coton-heather-grey-velva-sheen-326515,https://static.smallable.com/1720357-648x648q80/.jpg,pack 2 t-shirts coton,heather grey,velva sheen,0,0,90.0,90.0
/en/product/pack-2-t-shirts-coton-natural-velva-sheen-326516,https://static.smallable.com/1720360-648x648q80/.jpg,pack 2 t-shirts coton,natural,velva sheen,0,0,90.0,90.0
/en/product/blouson-sans-manches-silas-ecru-a-p-c-321128,https://static.smallable.com/1686815-648x648q80/.jpg,blouson sans manches silas,ecru,a.p.c.,0,0,395.0,395.0
/en/product/t-shirt-rolled-coton-white-velva-sheen-326526,https://static.smallable.com/1720384-648x648q80/.jpg,t-shirt rolled coton,white,velva sheen,0,0,68.0,68.0
/en/product/t-shirt-manches-longues-freedom-coton-white-velva-sheen-326521,https://static.smallable.com/1720375-648x648q80/.jpg,t-shirt manches longues freedom coton,white,velva sheen,0,0,92.0,92.0
/en/product/pack-2-t-shirts-pocket-coton-white-velva-sheen-326519,https://static.smallable.com/1720369-648x648q80/.jpg,pack 2 t-shirts pocket coton,white,velva sheen,0,0,100.0,100.0
/en/product/pack-2-t-shirts-coton-white-velva-sheen-326514,https://static.smallable.com/1720354-648x648q80/.jpg,pack 2 t-shirts coton,white,velva sheen,0,0,90.0,90.0
/en/product/pack-2-t-shirts-pocket-coton-navy-blue-velva-sheen-326520,https://static.smallable.com/1720372-648x648q80/.jpg,pack 2 t-shirts pocket coton,navy blue,velva sheen,0,0,100.0,100.0
/en/product/pack-2-t-shirts-coton-navy-blue-velva-sheen-326518,https://static.smallable.com/1720366-648x648q80/.jpg,pack 2 t-shirts coton,navy blue,velva sheen,0,0,90.0,90.0
/en/product/socks-2-pack-red-wood-wood-322601,https://static.smallable.com/1689012-648x648q80/.jpg,socks 2-pack,red,wood wood,0,0,25.0,25.0
/en/product/waterproof-raincoat-charcoal-grey-rains-323173,https://static.smallable.com/1693129-648x648q80/.jpg,waterproof raincoat,charcoal grey,rains,0,0,80.0,80.0
/en/product/chase-t-shirt-heather-grey-carhartt-287250,https://static.smallable.com/1522226-648x648q80/.jpg,chase t-shirt,heather grey,carhartt wip,0,0,39.0,39.0
/en/product/banane-bug-bag-mesh-mini-grey-rains-323187,https://static.smallable.com/1693182-648x648q80/.jpg,banane bug bag mesh mini,grey,rains,0,0,55.0,55.0
/en/product/american-script-organic-cotton-t-shirt-ecru-carhartt-255945,https://static.smallable.com/1415068-648x648q80/.jpg,american script organic cotton t-shirt,ecru,carhartt wip,1,0,39.0,39.0
/en/product/trousse-de-toilette-hilo-sand-rains-323191,https://static.smallable.com/1693121-648x648q80/.jpg,trousse de toilette hilo,sand,rains,0,0,42.0,42.0
/en/product/waterproof-fitted-long-raincoat-steel-grey-rains-323200,https://static.smallable.com/1693105-648x648q80/.jpg,waterproof fitted long raincoat,steel grey,rains,0,0,120.0,120.0
/en/product/waterproof-raincoat-almond-green-rains-323172,https://static.smallable.com/1693123-648x648q80/.jpg,waterproof raincoat,almond green,rains,0,0,80.0,80.0
/en/product/porte-carte-khaki-rains-323193,https://static.smallable.com/1693196-648x648q80/.jpg,porte carte,khaki,rains,0,0,27.0,27.0
/en/product/trousse-de-toilette-hilo-navy-blue-rains-323192,https://static.smallable.com/1693122-648x648q80/.jpg,trousse de toilette hilo,navy blue,rains,0,0,42.0,42.0
/en/product/portefeuille-mini-black-rains-323197,https://static.smallable.com/1693206-648x648q80/.jpg,portefeuille mini,black,rains,0,0,55.0,55.0
/en/product/t-shirt-rolled-coton-grey-velva-sheen-326527,https://static.smallable.com/1720220-648x648q80/.jpg,t-shirt rolled coton,grey,velva sheen,0,0,68.0,68.0
/en/product/t-shirt-rolled-coton-olive-green-velva-sheen-326529,https://static.smallable.com/1720223-648x648q80/.jpg,t-shirt rolled coton,olive green,velva sheen,0,0,68.0,68.0
/en/product/t-shirt-rolled-coton-navy-blue-velva-sheen-326530,https://static.smallable.com/1720226-648x648q80/.jpg,t-shirt rolled coton,navy blue,velva sheen,0,0,68.0,68.0
/en/product/hoodie-zippe-coton-navy-blue-velva-sheen-326524,https://static.smallable.com/1720381-648x648q80/.jpg,hoodie zippe coton,navy blue,velva sheen,0,0,170.0,170.0
/en/product/banane-springer-cuir-vegan-camel-eastpak-323147,https://static.smallable.com/1691549-648x648q80/.jpg,banane springer cuir vegan,camel,eastpak,1,0,35.0,35.0
/en/product/sac-messenger-toile-enduite-black-eastpak-323140,https://static.smallable.com/1691516-648x648q80/.jpg,sac messenger toile enduite,black,eastpak,1,0,87.0,87.0
/en/product/chaussettes-old-danish-coton-bio-black-socksss-323085,https://static.smallable.com/1700594-648x648q80/.jpg,chaussettes old danish coton bio,black,socksss,1,0,25.0,25.0
/en/product/veste-padow-velours-yellow-american-vintage-289813,https://static.smallable.com/1602295-648x648q80/.jpg,veste padow velours,yellow,american vintage,0,1,112.0,160.0
/en/product/blouson-sutherland-dark-green-a-p-c-321127,https://static.smallable.com/1686812-648x648q80/.jpg,blouson sutherland,dark green,a.p.c.,0,0,470.0,470.0
/en/product/manteau-mac-phil-navy-blue-a-p-c-321126,https://static.smallable.com/1686810-648x648q80/.jpg,manteau mac phil,navy blue,a.p.c.,0,0,490.0,490.0
/en/product/smallable-classic-totebag-size-m-pumpkin-smallable-home-299668,https://static.smallable.com/1579520-648x648q80/.jpg,smallable classic totebag - size m,pumpkin,smallable home,1,0,10.0,10.0
/en/product/smallable-tote-bag-size-s-pumpkin-smallable-home-299665,https://static.smallable.com/1579517-648x648q80/.jpg,smallable tote bag - size s,pumpkin,smallable home,1,0,5.0,5.0
/en/product/smallable-tote-bag-size-l-pumpkin-smallable-home-299671,https://static.smallable.com/1579523-648x648q80/.jpg,smallable tote bag - size l,pumpkin,smallable home,1,0,20.0,20.0
/en/product/smallable-tote-bag-size-l-green-smallable-home-299673,https://static.smallable.com/1579525-648x648q80/.jpg,smallable tote bag - size l,green,smallable home,1,0,20.0,20.0
/en/product/smallable-classic-totebag-size-m-green-smallable-home-299670,https://static.smallable.com/1579522-648x648q80/.jpg,smallable classic totebag - size m,green,smallable home,1,0,10.0,10.0
/en/product/smallable-tote-bag-size-s-green-smallable-home-299667,https://static.smallable.com/1579519-648x648q80/.jpg,smallable tote bag - size s,green,smallable home,1,0,5.0,5.0
/en/product/smallable-tote-bag-size-s-blue-smallable-home-299666,https://static.smallable.com/1579518-648x648q80/.jpg,smallable tote bag - size s,blue,smallable home,1,0,5.0,5.0
/en/product/smallable-classic-totebag-size-m-blue-smallable-home-299669,https://static.smallable.com/1579521-648x648q80/.jpg,smallable classic totebag - size m,blue,smallable home,1,0,10.0,10.0
/en/product/smallable-tote-bag-size-l-blue-smallable-home-299672,https://static.smallable.com/1579524-648x648q80/.jpg,smallable tote bag - size l,blue,smallable home,1,0,20.0,20.0
/en/product/t-shirt-ace-black-wood-wood-322599,https://static.smallable.com/1688992-648x648q80/.jpg,t-shirt ace,black,wood wood,1,0,55.0,55.0
/en/product/veste-lin-olav-1196-oatmeal-nn07-305134,https://static.smallable.com/1670674-648x648q80/.jpg,veste lin olav 1196,oatmeal,nn07,0,0,240.0,240.0
/en/product/pantalon-chino-lin-bill-1196-oatmeal-nn07-305132,https://static.smallable.com/1670502-648x648q80/.jpg,pantalon chino lin bill 1196,oatmeal,nn07,0,0,190.0,190.0
/en/product/tote-bag-desi-sunbather-ecru-wood-wood-322604,https://static.smallable.com/1689062-648x648q80/.jpg,tote bag desi sunbather,ecru,wood wood,0,0,40.0,40.0
/en/product/merino-mittens-sand-le-bonnet-294121,https://static.smallable.com/1695065-648x648q80/.jpg,merino mittens,sand,le bonnet amsterdam,1,1,42.0,60.0
/en/product/sweat-adam-ecru-a-p-c-321134,https://static.smallable.com/1686835-648x648q80/.jpg,sweat adam,ecru,a.p.c.,0,0,250.0,250.0
/en/product/martin-jeans-light-denim-a-p-c-321144,https://static.smallable.com/1686806-648x648q80/.jpg,martin jeans,light denim,a.p.c.,0,0,200.0,200.0
/en/product/t-shirt-hermance-white-a-p-c-321133,https://static.smallable.com/1686833-648x648q80/.jpg,t-shirt hermance,white,a.p.c.,0,0,110.0,110.0
/en/product/hoodie-oscar-khaki-a-p-c-321141,https://static.smallable.com/1686845-648x648q80/.jpg,hoodie oscar,khaki,a.p.c.,0,0,260.0,260.0
/en/product/hoodie-milo-navy-blue-a-p-c-321143,https://static.smallable.com/1699768-648x648q80/.jpg,hoodie milo,navy blue,a.p.c.,0,0,260.0,260.0
/en/product/hoodie-oscar-navy-blue-a-p-c-321140,https://static.smallable.com/1686844-648x648q80/.jpg,hoodie oscar,navy blue,a.p.c.,0,0,260.0,260.0
/en/product/t-shirt-vpc-color-h-blue-a-p-c-321142,https://static.smallable.com/1686848-648x648q80/.jpg,t-shirt vpc color h,blue,a.p.c.,0,0,100.0,100.0
/en/product/pull-ismael-beige-a-p-c-321132,https://static.smallable.com/1686830-648x648q80/.jpg,pull ismael,beige,a.p.c.,0,0,250.0,250.0
/en/product/rider-sweatshirt-heather-white-a-p-c-321138,https://static.smallable.com/1693456-648x648q80/.jpg,rider sweatshirt,heather white,a.p.c.,0,0,200.0,200.0
/en/product/puffer-jacket-khaki-daily-paper-285475,https://static.smallable.com/1568912-648x648q80/.jpg,puffer jacket,khaki,daily paper,0,1,189.0,270.0
/en/product/ace-chiller-t-shirt-white-wood-wood-322605,https://static.smallable.com/1689065-648x648q80/.jpg,ace chiller t-shirt,white,wood wood,1,0,65.0,65.0
/en/product/sami-classic-t-shirt-navy-blue-wood-wood-322598,https://static.smallable.com/1689060-648x648q80/.jpg,sami classic t-shirt,navy blue,wood wood,1,0,80.0,80.0
/en/product/sami-classic-t-shirt-white-wood-wood-322597,https://static.smallable.com/1689058-648x648q80/.jpg,sami classic t-shirt ,white,wood wood,1,0,80.0,80.0
/en/product/eli-aa-cap-khaki-wood-wood-322603,https://static.smallable.com/1689036-648x648q80/.jpg,eli aa cap,khaki,wood wood,0,0,55.0,55.0
/en/product/eli-aa-cap-navy-blue-wood-wood-322602,https://static.smallable.com/1689035-648x648q80/.jpg,eli aa cap,navy blue,wood wood,0,0,55.0,55.0
/en/product/socks-2-pack-navy-blue-wood-wood-322600,https://static.smallable.com/1689005-648x648q80/.jpg,socks 2-pack ,navy blue,wood wood,0,0,25.0,25.0
/en/product/low-profile-cap-pale-pink-wood-wood-322596,https://static.smallable.com/1689021-648x648q80/.jpg,low profile cap,pale pink,wood wood,0,0,80.0,80.0
/en/product/lo-belt-bag-black-sandqvist-278380,https://static.smallable.com/1533788-648x648q80/.jpg,lo belt bag,black,sandqvist,1,0,99.0,99.0
/en/product/lo-fanny-pack-beige-sandqvist-320111,https://static.smallable.com/1685423-648x648q80/.jpg,lo fanny pack,beige,sandqvist,1,0,99.0,99.0
/en/product/fanny-pack-allterrain-hike-navy-blue-sandqvist-320104,https://static.smallable.com/1685398-648x648q80/.jpg,fanny pack allterrain hike,navy blue,sandqvist,1,0,89.0,89.0
/en/product/sigrid-bag-khaki-sandqvist-254071,https://static.smallable.com/1514426-648x648q80/.jpg,sigrid bag,khaki,sandqvist,1,0,199.0,199.0
/en/product/reversible-shoulder-bag-sand-topologie-282360,https://static.smallable.com/1622697-648x648q80/.jpg,reversible shoulder bag,sand,topologie,0,1,28.0,40.0
/en/product/theo-cardigan-khaki-a-p-c-321131,https://static.smallable.com/1686826-648x648q80/.jpg,theo cardigan,khaki,a.p.c.,0,0,270.0,270.0
/en/product/charlie-cap-khaki-a-p-c-321147,https://static.smallable.com/1686784-648x648q80/.jpg,charlie cap,khaki,a.p.c.,0,0,95.0,95.0
/en/product/standard-jeans-denim-brut-a-p-c-287645,https://static.smallable.com/1695753-648x648q80/.jpg,standard jeans,denim brut,a.p.c.,0,1,125.3,179.0
/en/product/studio-organic-cotton-jacket-orange-avnier-279830,https://static.smallable.com/1462883-648x648q80/.jpg,studio organic cotton jacket,orange,avnier,1,1,77.5,155.0
/en/product/alias-jumper-navy-blue-daily-paper-209799,https://static.smallable.com/1239178-648x648q80/alias-jumper.jpg,alias jumper ,navy blue,daily paper,0,1,45.0,90.0
/en/product/apc-mrs-h-sweatshirt-heather-grey-a-p-c-321137,https://static.smallable.com/1686842-648x648q80/.jpg,apc mrs. h sweatshirt,heather grey,a.p.c.,0,0,210.0,210.0
/en/product/clement-shirt-ecru-a-p-c-321129,https://static.smallable.com/1686818-648x648q80/.jpg,clement shirt,ecru,a.p.c.,0,0,180.0,180.0
/en/product/victor-collapsible-umbrella-grey-blue-anatole-248240,https://static.smallable.com/1319688-648x648q80/.jpg,victor collapsible umbrella,grey blue,anatole,0,0,35.0,35.0
/en/product/apc-mrs-h-sweatshirt-dark-green-a-p-c-321136,https://static.smallable.com/1686840-648x648q80/.jpg,apc mrs. h sweatshirt,dark green,a.p.c.,0,0,210.0,210.0
/en/product/aston-overshirt-green-a-p-c-321145,https://static.smallable.com/1686740-648x648q80/.jpg,aston overshirt,green,a.p.c.,0,0,230.0,230.0
/en/product/marguerite-collabsible-umbrella-royal-blue-anatole-223695,https://static.smallable.com/1220342-648x648q80/marguerite-collabsible-umbrella.jpg,marguerite collabsible umbrella ,royal blue,anatole,0,0,35.0,35.0
/en/product/mountain-reversible-vest-navy-blue-taion-288301,https://static.smallable.com/1517959-648x648q80/.jpg,mountain reversible vest,navy blue,taion,0,1,104.3,149.0
/en/product/rider-organic-cotton-sweatshirt-navy-blue-a-p-c-287627,https://static.smallable.com/1518130-648x648q80/.jpg,rider organic cotton sweatshirt,navy blue,a.p.c.,0,0,200.0,200.0
/en/product/le-vrai-3-0-claude-reflective-raincoat-grey-k-way-309680,https://static.smallable.com/1612516-648x648q80/.jpg,le vrai 3.0 claude reflective raincoat,grey,k-way,0,0,120.0,120.0
/en/product/victor-sunglasses-blue-komono-313853,https://static.smallable.com/1678549-648x648q80/.jpg,victor sunglasses,blue,komono,1,0,59.0,59.0
/en/product/lionel-sunglasses-sand-komono-313852,https://static.smallable.com/1678547-648x648q80/.jpg,lionel sunglasses,sand,komono,1,0,59.0,59.0
/en/product/belle-sunglasses-pink-komono-313856,https://static.smallable.com/1678552-648x648q80/.jpg,belle sunglasses,pink,komono,0,0,79.0,79.0
/en/product/miles-sunglasses-brown-komono-313850,https://static.smallable.com/1678541-648x648q80/.jpg,miles sunglasses,brown,komono,1,0,69.0,69.0
/en/product/julio-5706-shirt-white-nn07-305133,https://static.smallable.com/1684517-648x648q80/.jpg,julio 5706 shirt,white,nn07,0,0,129.0,129.0
/en/product/james-sunglasses-gold-komono-313859,https://static.smallable.com/1678559-648x648q80/.jpg,james sunglasses,gold,komono,0,0,79.0,79.0
/en/product/dax-sunglasses-pale-blue-komono-313854,https://static.smallable.com/1678533-648x648q80/.jpg,dax sunglasses,pale blue,komono,1,0,59.0,59.0
/en/product/lulu-sunglasses-blue-komono-313855,https://static.smallable.com/1679018-648x648q80/.jpg,lulu sunglasses,blue,komono,1,0,59.0,59.0
/en/product/waterproof-trawler-hat-navy-blue-beton-cire-313947,https://static.smallable.com/1668091-648x648q80/.jpg,waterproof trawler hat,navy blue,béton ciré,1,0,85.0,85.0
/en/product/classic-66-cap-women-s-collection-black-the-north-face-262869,https://static.smallable.com/1676823-648x648q80/.jpg,classic 66 cap - women’s collection ,black,the north face,1,0,32.0,32.0
/en/product/wool-and-angora-beanie-denim-blue-le-bonnet-294115,https://static.smallable.com/1563444-648x648q80/.jpg,wool and angora beanie,denim blue,le bonnet amsterdam,1,1,49.0,70.0
/en/product/striped-long-sleeve-t-shirt-navy-blue-off-white-wood-wood-292198,https://static.smallable.com/1646813-648x648q80/.jpg,striped long sleeve t-shirt,navy blue - off-white,wood wood,0,0,95.0,95.0
/en/product/american-script-hoodie-ecru-carhartt-255933,https://static.smallable.com/1368681-648x648q80/.jpg,american script hoodie,ecru,carhartt wip,0,0,99.0,99.0
/en/product/better-sweater-recycled-polyester-zip-fleece-sand-patagonia-310892,https://static.smallable.com/1613796-648x648q80/.jpg,better sweater recycled polyester zip fleece,sand,patagonia,1,0,130.0,130.0
/en/product/handy-backpack-ecru-lefrik-307151,https://static.smallable.com/1629140-648x648q80/.jpg,handy backpack,ecru,lefrik,1,0,60.0,60.0
/en/product/biarritz-logo-t-shirt-white-deux-ex-machina-271104,https://static.smallable.com/1615276-648x648q80/.jpg,biarritz logo t-shirt,white,deus ex machina,0,0,49.0,49.0
/en/product/mono-tones-watch-charcoal-grey-komono-313863,https://static.smallable.com/1623145-648x648q80/.jpg,mono tones watch,charcoal grey,komono,0,0,69.0,69.0
/en/product/mono-glow-watch-mint-green-komono-313865,https://static.smallable.com/1623137-648x648q80/.jpg,mono glow watch,mint green,komono,0,0,59.0,59.0
/en/product/mono-glow-watch-rosewood-komono-313864,https://static.smallable.com/1623135-648x648q80/.jpg,mono glow watch,rosewood,komono,0,0,59.0,59.0
/en/product/austin-woollen-cardigan-blue-universal-works-285460,https://static.smallable.com/1549228-648x648q80/.jpg,austin woollen cardigan,blue,universal works,0,1,83.3,119.0
/en/product/pocket-detail-polar-fleece-jacket-men-s-collection-natural-patagonia-241062,https://static.smallable.com/1613799-648x648q80/.jpg,pocket detail polar fleece jacket - men’s collection ,natural,patagonia,1,0,230.0,230.0
/en/product/sweatshirt-light-blue-edwin-280247,https://static.smallable.com/1459447-648x648q80/.jpg,sweatshirt ,light blue,edwin,0,1,114.0,190.0
/en/product/yopday-jeans-dark-grey-denim-american-vintage-305705,https://static.smallable.com/1706042-648x648q80/.jpg,yopday jeans,dark grey denim,american vintage,0,0,100.0,100.0
/en/product/eli-aa-cap-black-wood-wood-292200,https://static.smallable.com/1689031-648x648q80/.jpg,eli aa cap,black,wood wood,0,0,55.0,55.0
/en/product/bottle-bag-bronze-topologie-312809,https://static.smallable.com/1642733-648x648q80/.jpg,bottle bag,bronze,topologie,0,0,69.0,69.0
/en/product/cell-phone-bag-grey-green-topologie-312812,https://static.smallable.com/1644037-648x648q80/.jpg,cell phone bag,grey-green,topologie,0,0,45.0,45.0
/en/product/boardshort-logo-pocket-recycled-t-shirt-white-patagonia-310908,https://static.smallable.com/1669171-648x648q80/.jpg,boardshort logo pocket recycled t-shirt,white,patagonia,1,0,50.0,50.0
/en/product/microdini-recycled-reversible-jacket-petrol-blue-patagonia-310895,https://static.smallable.com/1613935-648x648q80/.jpg,microdini recycled reversible jacket,petrol blue,patagonia,1,0,220.0,220.0
/en/product/micro-d-recycled-polyester-sweatpants-navy-blue-patagonia-310948,https://static.smallable.com/1613956-648x648q80/.jpg,micro d recycled polyester sweatpants,navy blue,patagonia,1,0,85.0,85.0
/en/product/focus-organic-cotton-cap-orange-avnier-279834,https://static.smallable.com/1462863-648x648q80/.jpg,focus organic cotton cap,orange,avnier,1,1,30.0,50.0
/en/product/low-cap-charcoal-grey-wood-wood-292189,https://static.smallable.com/1689026-648x648q80/.jpg,low cap,charcoal grey,wood wood,0,0,80.0,80.0
/en/product/shetland-jumper-blue-edmmond-studios-288524,https://static.smallable.com/1534954-648x648q80/.jpg,shetland jumper ,blue,edmmond studios,0,1,90.0,150.0
/en/product/birth-of-the-cool-woollen-jumper-camel-howlin-296302,https://static.smallable.com/1577308-648x648q80/.jpg,birth of the cool woollen jumper,camel,howlin,0,1,113.4,189.0
/en/product/arne-5723-overshirt-khaki-nn07-293191,https://static.smallable.com/1560937-648x648q80/.jpg,arne 5723 overshirt,khaki,nn07,0,1,90.3,129.0
/en/product/viggo-bag-black-sandqvist-300182,https://static.smallable.com/1574619-648x648q80/.jpg,viggo bag ,black,sandqvist,1,0,139.0,139.0
/en/product/everyday-washbag-black-sandqvist-300173,https://static.smallable.com/1574596-648x648q80/.jpg,everyday washbag,black,sandqvist,1,0,69.0,69.0
/en/product/ehu-kai-hoodie-black-sunray-299360,https://static.smallable.com/1579836-648x648q80/.jpg,ehu'kai hoodie,black,sunray,1,1,152.6,218.0
/en/product/arne-5159-overshirt-black-nn07-293196,https://static.smallable.com/1561231-648x648q80/.jpg,arne 5159 overshirt,black,nn07,0,1,90.3,129.0
/en/product/porter-trousers-black-arte-287967,https://static.smallable.com/1537326-648x648q80/.jpg,porter trousers,black,arte antwerp,0,1,83.3,119.0
/en/product/quilted-mittens-black-rains-287375,https://static.smallable.com/1678392-648x648q80/.jpg,quilted mittens,black,rains,0,1,42.0,70.0
/en/product/johannes-heavy-logo-ss-organic-cotton-t-shirt-ecru-norse-projects-294076,https://static.smallable.com/1564486-648x648q80/.jpg,johannes heavy logo ss organic cotton t-shirt,ecru,norse projects,1,1,42.0,70.0
/en/product/jacket-ecru-edwin-260221,https://static.smallable.com/1400341-648x648q80/.jpg,jacket,ecru,edwin,0,1,90.0,150.0
/en/product/camille-collabsible-umbrella-beige-anatole-223693,https://static.smallable.com/1220333-648x648q80/camille-collabsible-umbrella.jpg,camille collabsible umbrella ,beige,anatole,0,0,35.0,35.0
/en/product/vista-hoodie-plum-carhartt-287244,https://static.smallable.com/1556870-648x648q80/.jpg,vista hoodie,plum,carhartt wip,0,1,89.4,149.0
/en/product/briggs-mock-3503-sweatshirt-yellow-nn07-293205,https://static.smallable.com/1556804-648x648q80/.jpg,briggs mock 3503 sweatshirt,yellow,nn07,0,1,77.4,129.0
/en/product/ursand-gore-tex-infinium-2-0-windbreaker-khaki-norse-projects-294086,https://static.smallable.com/1564512-648x648q80/.jpg,ursand gore-tex infinium 2.0 windbreaker,khaki,norse projects,1,1,276.5,395.0
/en/product/johannes-standard-pocket-ss-t-shirt-dark-green-norse-projects-294091,https://static.smallable.com/1707620-648x648q80/.jpg,johannes standard pocket ss t-shirt,dark green,norse projects,1,1,36.0,60.0
/en/product/sten-puffer-jacket-petrol-blue-pyrenex-289271,https://static.smallable.com/1517779-648x648q80/.jpg,sten puffer jacket,petrol blue,pyrenex,0,1,336.0,480.0
/en/product/sid-chino-trousers-navy-blue-carhartt-234452,https://static.smallable.com/1297832-648x648q80/.jpg,sid chino trousers,navy blue,carhartt wip,0,1,44.5,89.0
/en/product/manning-overshirt-navy-blue-carhartt-287224,https://static.smallable.com/1583367-648x648q80/.jpg,manning overshirt,navy blue,carhartt wip,0,1,119.4,199.0
/en/product/silent-down-reversible-recycled-down-jacket-navy-blue-patagonia-294531,https://static.smallable.com/1527098-648x648q80/.jpg,silent down reversible recycled down jacket,navy blue,patagonia,1,0,350.0,350.0
/en/product/live-jacket-black-avnier-234927,https://static.smallable.com/1462870-648x648q80/.jpg,live jacket,black,avnier,0,0,185.0,185.0
/en/product/loop-socks-black-avnier-210342,https://static.smallable.com/1228354-648x648q80/loop-socks.jpg,loop socks ,black,avnier,0,0,15.0,15.0
/en/product/loop-socks-white-avnier-210343,https://static.smallable.com/1237182-648x648q80/loop-socks.jpg,loop socks ,white,avnier,0,0,15.0,15.0
/en/product/hoodie-organic-cotton-arne-logo-heather-grey-norse-projects-305850,https://static.smallable.com/1601562-648x648q80/.jpg,hoodie organic cotton arne logo,heather grey,norse projects,1,0,190.0,190.0
/en/product/script-sweatshirt-light-grey-carhartt-287239,https://static.smallable.com/1583314-648x648q80/.jpg,script sweatshirt,light grey,carhartt wip,0,1,51.0,85.0
/en/product/toilet-bag-black-rains-310820,https://static.smallable.com/1616468-648x648q80/.jpg,toilet bag,black,rains,0,0,42.0,42.0
/en/product/rolf-8181-jacket-navy-blue-nn07-293212,https://static.smallable.com/1622590-648x648q80/.jpg,rolf 8181 jacket,navy blue,nn07,0,0,740.0,740.0
/en/product/devon-t-shirt-slate-grey-american-vintage-305682,https://static.smallable.com/1706031-648x648q80/.jpg,devon t-shirt,slate grey,american vintage,0,0,50.0,50.0
/en/product/synchilla-polar-fleece-jacket-heather-beige-patagonia-294544,https://static.smallable.com/1527114-648x648q80/.jpg,synchilla polar fleece jacket,heather beige,patagonia,1,0,150.0,150.0
/en/product/devon-t-shirt-grey-blue-american-vintage-305680,https://static.smallable.com/1706030-648x648q80/.jpg,devon t-shirt,grey blue,american vintage,0,0,50.0,50.0
/en/product/decatur-t-shirt-khaki-american-vintage-305686,https://static.smallable.com/1706034-648x648q80/.jpg,decatur t-shirt,khaki,american vintage,0,0,45.0,45.0
/en/product/brushed-ombre-alpaca-wool-shawl-dark-green-bufandy-287974,https://static.smallable.com/1536749-648x648q80/.jpg,brushed ombre alpaca wool shawl,dark green,bufandy,1,0,70.0,70.0
/en/product/script-sweatshirt-indigo-blue-carhartt-287238,https://static.smallable.com/1533472-648x648q80/.jpg,script sweatshirt,indigo blue,carhartt wip,0,1,51.0,85.0
/en/product/shetland-jumper-red-edmmond-studios-288525,https://static.smallable.com/1566929-648x648q80/.jpg,shetland jumper ,red,edmmond studios,0,1,90.0,150.0
/en/product/jake-reversible-jacket-black-arte-287938,https://static.smallable.com/1537165-648x648q80/.jpg,jake reversible jacket,black,arte antwerp,0,1,117.0,195.0
/en/product/vest-men-s-collection-natural-patagonia-241066,https://static.smallable.com/1526907-648x648q80/.jpg,vest - men’s collection ,natural,patagonia,1,0,170.0,170.0
/en/product/le-vrai-claude-3-0-waterproof-windbreaker-adult-collection-blue-k-way-268925,https://static.smallable.com/1412785-648x648q80/.jpg,le vrai claude 3.0 waterproof windbreaker - adult collection ,blue,k-way,0,1,60.0,120.0
/en/product/norse-regular-cotton-jeans-denim-brut-norse-projects-296234,https://static.smallable.com/1564449-648x648q80/.jpg,norse regular cotton jeans,denim brut,norse projects,0,1,102.0,170.0
/en/product/hester-organic-cotton-sweatshirt-dark-green-wood-wood-276037,https://static.smallable.com/1456199-648x648q80/.jpg,hester organic cotton sweatshirt,dark green,wood wood,1,0,165.0,165.0
/en/product/liner-woollen-jacket-navy-blue-universal-works-285465,https://static.smallable.com/1549254-648x648q80/.jpg,liner woollen jacket,navy blue,universal works,0,1,105.0,175.0
/en/product/le-vrai-3-0-eiffel-waterproof-windbreaker-women-s-collection-navy-blue-k-way-247025,https://static.smallable.com/1412782-648x648q80/.jpg,le vrai 3.0 eiffel waterproof windbreaker - women’s collection ,navy blue,k-way,0,0,150.0,150.0
/en/product/le-vrai-3-0-claude-reflective-raincoat-azure-blue-k-way-309681,https://static.smallable.com/1654949-648x648q80/.jpg,le vrai 3.0 claude reflective raincoat,azure blue,k-way,0,0,120.0,120.0
/en/product/mac-millan-puffer-jacket-charcoal-grey-canada-goose-298217,https://static.smallable.com/1602608-648x648q80/.jpg,macmillan puffer jacket,charcoal grey,canada goose,0,1,766.5,1095.0
/en/product/cap-black-daily-paper-209805,https://static.smallable.com/1187517-648x648q80/cap.jpg,cap,black,daily paper,0,0,50.0,50.0
/en/product/manteau-zefir-heather-grey-american-vintage-289821,https://static.smallable.com/1602087-648x648q80/.jpg,manteau zefir,heather grey,american vintage,1,1,255.0,425.0
/en/product/onetake-woollen-beanie-royal-blue-avnier-279836,https://static.smallable.com/1462891-648x648q80/.jpg,onetake woollen beanie,royal blue,avnier,0,0,45.0,45.0
/en/product/zip-pouch-extra-small-camel-topo-designs-289499,https://static.smallable.com/1591977-648x648q80/.jpg,zip pouch - extra small,camel,topo designs,1,0,15.0,15.0
/en/product/ml-chase-cotton-t-shirt-white-carhartt-301021,https://static.smallable.com/1592260-648x648q80/.jpg,ml chase cotton t-shirt,white,carhartt wip,0,0,45.0,45.0
/en/product/onetake-woollen-beanie-white-avnier-279835,https://static.smallable.com/1462890-648x648q80/.jpg,onetake woollen beanie,white,avnier,0,0,45.0,45.0
/en/product/germain-collabsible-umbrella-burgundy-anatole-223698,https://static.smallable.com/1220358-648x648q80/germain-collabsible-umbrella.jpg,germain collabsible umbrella ,burgundy,anatole,0,0,35.0,35.0
/en/product/martin-collabsible-umbrella-mustard-anatole-223696,https://static.smallable.com/1224019-648x648q80/martin-collabsible-umbrella.jpg,martin collabsible umbrella ,mustard,anatole,0,0,35.0,35.0
/en/product/augustine-collabsible-umbrella-caramel-anatole-223694,https://static.smallable.com/1220338-648x648q80/augustine-collabsible-umbrella.jpg,augustine collabsible umbrella ,caramel,anatole,0,0,35.0,35.0
/en/product/gustave-collabsible-umbrella-chrome-green-anatole-223692,https://static.smallable.com/1220328-648x648q80/gustave-collabsible-umbrella.jpg,gustave collabsible umbrella ,chrome green,anatole,0,0,35.0,35.0
/en/product/jane-collabsible-umbrella-black-anatole-223691,https://static.smallable.com/1220322-648x648q80/jane-collabsible-umbrella.jpg,jane collabsible umbrella ,black,anatole,0,0,35.0,35.0
/en/product/nordic-comfy-room-wool-socks-dark-green-rototo-289335,https://static.smallable.com/1550414-648x648q80/.jpg,nordic comfy room wool socks,dark green,rototo,0,0,45.0,45.0
/en/product/jacobo-6470-sweater-navy-blue-nn07-305596,https://static.smallable.com/1599891-648x648q80/.jpg,jacobo 6470 sweater,navy blue,nn07,0,0,139.0,139.0
/en/product/cashmere-jumper-navy-blue-fusalp-288912,https://static.smallable.com/1589746-648x648q80/.jpg,cashmere jumper,navy blue,fusalp,0,1,145.0,290.0
/en/product/russian-chapka-velvet-fleece-indigo-blue-beton-cire-276594,https://static.smallable.com/1566986-648x648q80/.jpg,russian chapka velvet & fleece,indigo blue,béton ciré,1,1,61.2,102.0
/en/product/time-teller-recycled-opp-watch-black-nixon-290808,https://static.smallable.com/1584455-648x648q80/.jpg,time teller recycled opp watch,black,nixon,1,1,59.4,99.0
/en/product/time-teller-recycled-opp-watch-olive-green-nixon-290810,https://static.smallable.com/1584461-648x648q80/.jpg,time teller recycled opp watch,olive green,nixon,1,1,59.4,99.0
/en/product/zip-pouch-medium-black-topo-designs-289502,https://static.smallable.com/1485094-648x648q80/.jpg,zip pouch - medium,black,topo designs,1,0,22.0,22.0
/en/product/haleiwa-t-shirt-charcoal-grey-sunray-299357,https://static.smallable.com/1579834-648x648q80/.jpg,haleiwa t-shirt,charcoal grey,sunray,1,1,53.9,77.0
/en/product/ehu-kai-hoodie-green-sunray-299361,https://static.smallable.com/1579839-648x648q80/.jpg,ehu'kai hoodie,green,sunray,1,0,218.0,218.0
/en/product/earflap-cap-camel-patagonia-294435,https://static.smallable.com/1526983-648x648q80/.jpg,earflap cap,camel,patagonia,1,0,50.0,50.0
/en/product/down-parka-black-the-north-face-296879,https://static.smallable.com/1546598-648x648q80/.jpg,down parka,black,the north face,0,0,400.0,400.0
/en/product/mellow-cashmere-scarf-charcoal-grey-hurray-283245,https://static.smallable.com/1584621-648x648q80/.jpg,mellow cashmere scarf,charcoal grey,hurray,1,0,249.0,249.0
/en/product/mellow-cashmere-scarf-ecru-hurray-283242,https://static.smallable.com/1584615-648x648q80/.jpg,mellow cashmere scarf,ecru,hurray,1,0,249.0,249.0
/en/product/mellow-cashmere-scarf-dark-green-hurray-283244,https://static.smallable.com/1584619-648x648q80/.jpg,mellow cashmere scarf,dark green,hurray,1,0,249.0,249.0
/en/product/mellow-cashmere-scarf-navy-blue-hurray-283243,https://static.smallable.com/1584617-648x648q80/.jpg,mellow cashmere scarf,navy blue,hurray,1,0,249.0,249.0
/en/product/leonard-collabsible-umbrella-khaki-anatole-223690,https://static.smallable.com/1220317-648x648q80/leonard-collabsible-umbrella.jpg,leonard collabsible umbrella ,khaki,anatole,0,0,35.0,35.0
/en/product/haleiwa-t-shirt-heather-grey-sunray-299356,https://static.smallable.com/1575842-648x648q80/.jpg,haleiwa t-shirt,heather grey,sunray,1,0,77.0,77.0
/en/product/laniakea-sweatshirt-white-sunray-299363,https://static.smallable.com/1575851-648x648q80/.jpg,laniakea sweatshirt,white,sunray,1,1,119.0,170.0
/en/product/haleiwa-t-shirt-rust-sunray-299355,https://static.smallable.com/1575839-648x648q80/.jpg,haleiwa t-shirt,rust,sunray,1,0,77.0,77.0
/en/product/laniakea-sweatshirt-rust-sunray-299366,https://static.smallable.com/1575857-648x648q80/.jpg,laniakea sweatshirt,rust,sunray,1,0,170.0,170.0
/en/product/laniakea-sweatshirt-chrome-green-sunray-299367,https://static.smallable.com/1575860-648x648q80/.jpg,laniakea sweatshirt,chrome green,sunray,1,0,170.0,170.0
/en/product/haleiwa-t-shirt-khaki-sunray-299359,https://static.smallable.com/1575848-648x648q80/.jpg,haleiwa t-shirt,khaki,sunray,1,0,77.0,77.0
/en/product/laniakea-sweatshirt-navy-blue-sunray-299364,https://static.smallable.com/1575854-648x648q80/.jpg,laniakea sweatshirt,navy blue,sunray,1,0,170.0,170.0
/en/product/aste-belt-bag-black-sandqvist-300164,https://static.smallable.com/1574549-648x648q80/.jpg,aste belt bag,black,sandqvist,1,0,59.0,59.0
/en/product/bag-olive-green-topo-designs-289504,https://static.smallable.com/1574994-648x648q80/.jpg,bag,olive green,topo designs,1,1,33.0,55.0
/en/product/better-1-4-polar-fleece-zip-up-sweatshirt-heather-grey-patagonia-294532,https://static.smallable.com/1526892-648x648q80/.jpg,better 1/4 polar fleece zip-up sweatshirt,heather grey,patagonia,1,1,84.0,120.0
/en/product/bivy-recycled-down-reversible-vest-midnight-blue-patagonia-294530,https://static.smallable.com/1526922-648x648q80/.jpg,bivy recycled down reversible vest,midnight blue,patagonia,1,1,161.0,230.0
/en/product/recycled-nylon-belt-bag-camel-topo-designs-268804,https://static.smallable.com/1426496-648x648q80/.jpg,recycled nylon belt bag,camel,topo designs,1,1,38.5,55.0
/en/product/plain-mohair-scarf-brown-mantas-ezcaray-288070,https://static.smallable.com/1567757-648x648q80/.jpg,plain mohair scarf,brown,mantas ezcaray,1,0,69.0,69.0
/en/product/501-vintage-jeans-denim-brut-levi-s-made-crafted-293322,https://static.smallable.com/1575949-648x648q80/.jpg,501 vintage jeans,denim brut,levi's made & crafted,0,1,138.0,230.0
/en/product/512-tapered-jeans-denim-brut-levi-s-made-crafted-293319,https://static.smallable.com/1577675-648x648q80/.jpg,512 tapered jeans,denim brut,levi's made & crafted,1,1,85.0,170.0
/en/product/501-80-s-shorts-denim-bleached-levi-s-made-crafted-293321,https://static.smallable.com/1567891-648x648q80/.jpg,501 80's shorts,denim bleached,levi's made & crafted,1,1,78.0,130.0
/en/product/logo-hoodie-midnight-blue-champion-296796,https://static.smallable.com/1568075-648x648q80/.jpg,logo hoodie,midnight blue,champion,0,1,67.2,112.0
/en/product/miki-woollen-docker-camel-beton-cire-276587,https://static.smallable.com/1567352-648x648q80/.jpg,miki woollen docker,camel,béton ciré,1,1,54.0,90.0
/en/product/ceillac-jumper-black-fusalp-288913,https://static.smallable.com/1567976-648x648q80/.jpg,ceillac jumper,black,fusalp,0,1,161.0,230.0
/en/product/miki-woollen-docker-grey-beton-cire-276584,https://static.smallable.com/1566968-648x648q80/.jpg,miki woollen docker,grey,béton ciré,1,1,63.0,105.0
/en/product/smart-daily-mini-backpack-white-lefrik-251003,https://static.smallable.com/1369677-648x648q80/.jpg,smart daily mini backpack,white,lefrik,1,1,37.5,75.0
/en/product/edgar-ski-jacket-khaki-fusalp-288915,https://static.smallable.com/1567361-648x648q80/.jpg,edgar ski jacket,khaki,fusalp,0,1,414.0,690.0
/en/product/miki-woollen-docker-navy-blue-beton-cire-276585,https://static.smallable.com/1566971-648x648q80/.jpg,miki woollen docker,navy blue,béton ciré,1,0,100.0,100.0
/en/product/seal-hoodie-black-element-288614,https://static.smallable.com/1546413-648x648q80/.jpg,seal hoodie,black,element,0,1,35.0,70.0
/en/product/woollen-cap-light-grey-varsity-headwear-278737,https://static.smallable.com/1527785-648x648q80/.jpg,woollen cap,light grey,varsity headwear,0,1,57.0,95.0
/en/product/munro-water-repellent-down-jacket-black-carhartt-234461,https://static.smallable.com/1317067-648x648q80/.jpg,munro water-repellent down jacket,black,carhartt wip,0,1,164.5,329.0
/en/product/logo-joggers-navy-blue-champion-294697,https://static.smallable.com/1534781-648x648q80/.jpg,logo joggers,navy blue,champion,0,1,24.0,40.0
/en/product/hoodie-cream-champion-294711,https://static.smallable.com/1534775-648x648q80/.jpg,hoodie,cream,champion,0,1,56.0,80.0
/en/product/reversweave-hoodie-midnight-blue-champion-294714,https://static.smallable.com/1534777-648x648q80/.jpg,reversweave hoodie,midnight blue,champion,0,1,70.0,100.0
/en/product/reversweave-sweatshirt-midnight-blue-champion-294716,https://static.smallable.com/1534778-648x648q80/.jpg,reversweave sweatshirt,midnight blue,champion,0,1,54.0,90.0
/en/product/mountain-reversible-jacket-olive-green-taion-288304,https://static.smallable.com/1567339-648x648q80/.jpg,mountain reversible jacket,olive green,taion,0,1,125.3,179.0
/en/product/joggers-adult-collection-heather-grey-champion-246804,https://static.smallable.com/1345356-648x648q80/.jpg,joggers - adult collection ,heather grey,champion,0,1,42.0,70.0
/en/product/miki-corduroy-docker-navy-blue-beton-cire-250314,https://static.smallable.com/1343943-648x648q80/.jpg,miki corduroy docker,navy blue,béton ciré,1,1,54.0,90.0
/en/product/puffer-vest-mustard-taion-288297,https://static.smallable.com/1561038-648x648q80/.jpg,puffer vest,mustard,taion,0,1,48.3,69.0
/en/product/mountain-reversible-jacket-black-taion-288303,https://static.smallable.com/1561044-648x648q80/.jpg,mountain reversible jacket,black,taion,0,1,125.3,179.0
/en/product/mountain-reversible-vest-olive-green-taion-288302,https://static.smallable.com/1561041-648x648q80/.jpg,mountain reversible vest,olive green,taion,0,1,104.3,149.0
/en/product/fernand-ski-jacket-khaki-fusalp-288917,https://static.smallable.com/1561091-648x648q80/.jpg,fernand ski jacket,khaki,fusalp,0,1,295.0,590.0
/en/product/fernand-ski-jacket-navy-blue-fusalp-288916,https://static.smallable.com/1561088-648x648q80/.jpg,fernand ski jacket,navy blue,fusalp,0,1,413.0,590.0
/en/product/epuffa-down-jacket-adult-collection-black-daily-paper-240432,https://static.smallable.com/1342684-648x648q80/.jpg,epuffa down jacket - adult collection ,black,daily paper,1,1,162.0,270.0
/en/product/cashmere-cap-navy-blue-varsity-headwear-278738,https://static.smallable.com/1527788-648x648q80/.jpg,cashmere cap,navy blue,varsity headwear,0,0,150.0,150.0
/en/product/parka-adult-collection-navy-blue-taion-245478,https://static.smallable.com/1339953-648x648q80/.jpg,parka - adult collection ,navy blue,taion,0,1,76.3,109.0
/en/product/mountain-reversible-vest-black-taion-288306,https://static.smallable.com/1561469-648x648q80/.jpg,mountain reversible vest,black,taion,0,1,104.3,149.0
/en/product/mountain-reversible-vest-black-taion-288305,https://static.smallable.com/1517952-648x648q80/.jpg,mountain reversible vest,black,taion,0,1,104.3,149.0
/en/product/quilted-jacket-charcoal-grey-taion-288298,https://static.smallable.com/1517945-648x648q80/.jpg,quilted jacket,charcoal grey,taion,0,1,69.3,99.0
/en/product/camouflage-waterproof-cape-camel-rain-kiss-296849,https://static.smallable.com/1556095-648x648q80/.jpg,camouflage waterproof cape,camel,rain kiss,1,1,55.3,79.0
/en/product/tomaso-ski-trousers-khaki-fusalp-288924,https://static.smallable.com/1556081-648x648q80/.jpg,tomaso ski trousers,khaki,fusalp,0,1,245.0,350.0
/en/product/boonie-waterproof-hat-black-rains-287366,https://static.smallable.com/1553792-648x648q80/.jpg,boonie waterproof hat,black,rains,0,1,18.9,27.0
/en/product/socks-set-of-3-white-le-bonnet-294116,https://static.smallable.com/1553306-648x648q80/.jpg,socks - set of 3,white,le bonnet amsterdam,0,1,35.0,50.0
/en/product/wool-and-angora-beanie-candy-pink-le-bonnet-294112,https://static.smallable.com/1553285-648x648q80/.jpg,wool and angora beanie,candy pink,le bonnet amsterdam,1,1,49.0,70.0
/en/product/wool-and-angora-scarf-midnight-blue-le-bonnet-294126,https://static.smallable.com/1553293-648x648q80/.jpg,wool and angora scarf,midnight blue,le bonnet amsterdam,1,1,77.0,110.0
/en/product/wool-and-angora-scarf-navy-blue-le-bonnet-294124,https://static.smallable.com/1553289-648x648q80/.jpg,wool and angora scarf,navy blue,le bonnet amsterdam,1,1,77.0,110.0
/en/product/merino-mittens-electric-blue-le-bonnet-294120,https://static.smallable.com/1553311-648x648q80/.jpg,merino mittens,electric blue,le bonnet amsterdam,1,1,42.0,60.0
/en/product/franz-ski-trousers-black-fusalp-288922,https://static.smallable.com/1553553-648x648q80/.jpg,franz ski trousers,black,fusalp,0,1,206.5,295.0
/en/product/p-6-logo-responsibili-t-shirt-red-patagonia-294549,https://static.smallable.com/1553260-648x648q80/.jpg,p-6 logo responsibili t-shirt,red,patagonia,1,0,45.0,45.0
/en/product/power-ski-jacket-black-fusalp-288918,https://static.smallable.com/1550197-648x648q80/.jpg,power ski jacket,black,fusalp,0,1,595.0,850.0
/en/product/puffer-mittens-black-rains-287376,https://static.smallable.com/1700466-648x648q80/.jpg,puffer mittens,black,rains,0,0,55.0,55.0
/en/product/ruan-neck-warmer-black-fusalp-288940,https://static.smallable.com/1546583-648x648q80/.jpg,ruan neck warmer,black,fusalp,0,1,42.0,60.0
/en/product/ceillac-jumper-midnight-blue-fusalp-288914,https://static.smallable.com/1546577-648x648q80/.jpg,ceillac jumper,midnight blue,fusalp,0,1,161.0,230.0
/en/product/tomaso-ski-trousers-navy-blue-fusalp-288923,https://static.smallable.com/1546581-648x648q80/.jpg,tomaso ski trousers,navy blue,fusalp,0,1,245.0,350.0
/en/product/cap-navy-blue-varsity-headwear-278727,https://static.smallable.com/1527750-648x648q80/.jpg,cap,navy blue,varsity headwear,0,0,85.0,85.0
/en/product/cap-chocolate-varsity-headwear-278730,https://static.smallable.com/1527760-648x648q80/.jpg,cap,chocolate,varsity headwear,0,0,85.0,85.0
/en/product/tech-woollen-cap-black-varsity-headwear-278731,https://static.smallable.com/1527763-648x648q80/.jpg,tech woollen cap,black,varsity headwear,0,0,88.0,88.0
/en/product/puffer-jacket-adult-collection-beige-taion-245476,https://static.smallable.com/1356682-648x648q80/.jpg,puffer jacket - adult collection ,beige,taion,0,1,69.3,99.0
/en/product/cap-sage-varsity-headwear-278728,https://static.smallable.com/1527754-648x648q80/.jpg,cap,sage,varsity headwear,0,1,48.0,80.0
/en/product/cap-orange-varsity-headwear-278729,https://static.smallable.com/1527757-648x648q80/.jpg,cap,orange,varsity headwear,0,1,48.0,80.0
/en/product/woollen-cap-light-blue-varsity-headwear-278735,https://static.smallable.com/1527778-648x648q80/.jpg,woollen cap,light blue,varsity headwear,0,1,51.0,85.0
/en/product/milton-bag-black-sandqvist-278363,https://static.smallable.com/1574517-648x648q80/.jpg,milton bag,black,sandqvist,1,0,159.0,159.0
/en/product/alex-sweatshirt-navy-blue-a-p-c-287638,https://static.smallable.com/1686798-648x648q80/.jpg,alex sweatshirt,navy blue,a.p.c.,0,0,330.0,330.0
/en/product/waterproof-windbreaker-yellow-rains-287388,https://static.smallable.com/1506040-648x648q80/.jpg,waterproof windbreaker,yellow,rains,0,1,47.5,95.0
/en/product/quilted-waterproof-vest-black-rains-287382,https://static.smallable.com/1506008-648x648q80/.jpg,quilted waterproof vest,black,rains,0,1,94.5,135.0
/en/product/quilted-waterproof-bucket-hat-black-rains-287380,https://static.smallable.com/1674716-648x648q80/.jpg,quilted waterproof bucket hat,black,rains,0,1,33.0,55.0
/en/product/long-hooded-puffer-jacket-black-rains-287373,https://static.smallable.com/1505988-648x648q80/.jpg,long hooded puffer jacket,black,rains,0,1,280.0,400.0
/en/product/boxy-puffer-jacket-black-rains-287354,https://static.smallable.com/1505940-648x648q80/.jpg,boxy puffer jacket,black,rains,0,1,262.5,375.0
/en/product/hooded-puffer-jacket-black-rains-287370,https://static.smallable.com/1505976-648x648q80/.jpg,hooded puffer jacket,black,rains,0,1,238.0,340.0
/en/product/time-teller-watch-black-nixon-110425,https://static.smallable.com/1557554-648x648q80/time-teller-watch.jpg,time teller watch,black,nixon,0,1,75.0,125.0
/en/product/hooded-puffer-jacket-charcoal-grey-rains-287372,https://static.smallable.com/1505984-648x648q80/.jpg,hooded puffer jacket,charcoal grey,rains,0,1,238.0,340.0
/en/product/long-hooded-puffer-jacket-charcoal-grey-rains-287374,https://static.smallable.com/1505992-648x648q80/.jpg,long hooded puffer jacket,charcoal grey,rains,0,1,280.0,400.0
/en/product/waterproof-bucket-hat-yellow-rains-287379,https://static.smallable.com/1674712-648x648q80/.jpg,waterproof bucket hat,yellow,rains,0,1,16.2,27.0
/en/product/waterproof-bucket-hat-khaki-rains-287378,https://static.smallable.com/1674708-648x648q80/.jpg,waterproof bucket hat,khaki,rains,0,1,18.9,27.0
/en/product/staple-watch-red-nixon-254643,https://static.smallable.com/1340298-648x648q80/.jpg,staple watch,red,nixon,1,1,75.0,125.0
/en/product/woollen-beanie-black-le-bonnet-241979,https://static.smallable.com/1281389-648x648q80/.jpg,woollen beanie,black,le bonnet amsterdam,1,1,49.0,70.0
/en/product/woollen-beanie-sand-le-bonnet-241982,https://static.smallable.com/1281132-648x648q80/.jpg,woollen beanie,sand,le bonnet amsterdam,1,1,49.0,70.0
/en/product/woollen-beanie-ivory-le-bonnet-241984,https://static.smallable.com/1281136-648x648q80/.jpg,woollen beanie,ivory,le bonnet amsterdam,1,1,49.0,70.0
/en/product/woollen-beanie-green-le-bonnet-241980,https://static.smallable.com/1281390-648x648q80/.jpg,woollen beanie,green,le bonnet amsterdam,1,1,49.0,70.0
/en/product/woollen-beanie-dark-green-le-bonnet-241978,https://static.smallable.com/1281388-648x648q80/.jpg,woollen beanie,dark green,le bonnet amsterdam,1,1,49.0,70.0
/en/product/woollen-beanie-red-le-bonnet-241977,https://static.smallable.com/1281387-648x648q80/.jpg,woollen beanie,red,le bonnet amsterdam,1,1,49.0,70.0
/en/product/aros-slim-organic-cotton-chino-trousers-navy-blue-norse-projects-294055,https://static.smallable.com/1564435-648x648q80/.jpg,aros slim organic cotton chino trousers ,navy blue,norse projects,1,0,175.0,175.0
/en/product/styx-beanie-adult-collection-navy-blue-fusalp-205991,https://static.smallable.com/1198217-648x648q80/styx-beanie-adult-collection.jpg,styx beanie - adult collection,navy blue,fusalp,0,1,63.0,90.0
/en/product/cotton-and-wool-ribbed-socks-squirrel-rototo-241780,https://static.smallable.com/1350843-648x648q80/.jpg,cotton and wool ribbed socks,squirrel,rototo,0,0,29.0,29.0
/en/product/double-face-silk-socks-orange-rototo-241765,https://static.smallable.com/1350828-648x648q80/.jpg,double face silk socks,orange,rototo,0,0,25.0,25.0
/en/product/double-face-socks-orange-rototo-241762,https://static.smallable.com/1350825-648x648q80/.jpg,double face socks,orange,rototo,0,0,29.0,29.0
/en/product/double-face-socks-yellow-rototo-241763,https://static.smallable.com/1350826-648x648q80/.jpg,double face socks,yellow,rototo,0,0,29.0,29.0
/en/product/double-face-silk-socks-mint-green-rototo-241766,https://static.smallable.com/1350829-648x648q80/.jpg,double face silk socks,mint green,rototo,0,0,25.0,25.0
/en/product/double-face-socks-mauve-rototo-241760,https://static.smallable.com/1350823-648x648q80/.jpg,double face socks,mauve,rototo,0,0,29.0,29.0
/en/product/brushed-solid-alpaca-shawl-light-blue-bufandy-287979,https://static.smallable.com/1536773-648x648q80/.jpg,brushed solid alpaca shawl,light blue,bufandy,1,0,65.0,65.0
/en/product/retro-pile-polar-fleece-vest-black-patagonia-294537,https://static.smallable.com/1526920-648x648q80/.jpg,retro pile polar fleece vest,black,patagonia,1,1,84.0,120.0
/en/product/better-polar-fleece-vest-grey-blue-patagonia-294533,https://static.smallable.com/1526895-648x648q80/.jpg,better polar fleece vest,grey blue,patagonia,1,1,98.0,140.0
/en/product/classic-retro-x-polar-fleece-jacket-beige-patagonia-294545,https://static.smallable.com/1526904-648x648q80/.jpg,classic retro-x polar fleece jacket,beige,patagonia,1,1,161.0,230.0
/en/product/miki-corduroy-docker-black-beton-cire-276591,https://static.smallable.com/1533981-648x648q80/.jpg,miki corduroy docker,black,béton ciré,1,0,90.0,90.0
/en/product/p-6-logo-recycled-polyester-hoodie-men-s-collection-navy-blue-patagonia-266587,https://static.smallable.com/1526973-648x648q80/.jpg,p-6 logo recycled polyester hoodie - men’s collection ,navy blue,patagonia,1,0,100.0,100.0
/en/product/pocket-detail-polar-fleece-jacket-men-s-collection-navy-blue-patagonia-241063,https://static.smallable.com/1526902-648x648q80/.jpg,pocket detail polar fleece jacket - men’s collection ,navy blue,patagonia,1,1,161.0,230.0
/en/product/hat-beige-beton-cire-276601,https://static.smallable.com/1532684-648x648q80/.jpg,hat,beige,béton ciré,1,1,59.5,85.0
/en/product/mythic-vintage-puffer-jacket-beige-pyrenex-289274,https://static.smallable.com/1517794-648x648q80/.jpg,mythic vintage puffer jacket,beige,pyrenex,0,1,301.0,430.0
/en/product/daily-backpack-navy-blue-lefrik-250963,https://static.smallable.com/1530735-648x648q80/.jpg,daily backpack,navy blue,lefrik,1,1,40.0,80.0
/en/product/radiant-puffer-jacket-yellow-pyrenex-289286,https://static.smallable.com/1517852-648x648q80/.jpg,radiant puffer jacket,yellow,pyrenex,0,1,385.0,550.0
/en/product/john-puffer-vest-khaki-pyrenex-289278,https://static.smallable.com/1517817-648x648q80/.jpg,john puffer vest,khaki,pyrenex,0,0,350.0,350.0
/en/product/radiant-puffer-jacket-navy-blue-pyrenex-289285,https://static.smallable.com/1517847-648x648q80/.jpg,radiant puffer jacket,navy blue,pyrenex,0,1,385.0,550.0
/en/product/source-v2-organic-cotton-t-shirt-taupe-brown-avnier-279824,https://static.smallable.com/1462964-648x648q80/.jpg,source v2 organic cotton t-shirt,taupe brown,avnier,1,1,33.0,55.0
/en/product/sailor-cashmere-beanie-charcoal-grey-hurray-283234,https://static.smallable.com/1530320-648x648q80/.jpg,sailor cashmere beanie,charcoal grey,hurray,0,0,189.0,189.0
/en/product/sailor-cashmere-beanie-light-grey-hurray-283239,https://static.smallable.com/1530325-648x648q80/.jpg,sailor cashmere beanie,light grey,hurray,0,0,189.0,189.0
/en/product/sailor-cashmere-beanie-ecru-hurray-283233,https://static.smallable.com/1530319-648x648q80/.jpg,sailor cashmere beanie,ecru,hurray,0,0,189.0,189.0
/en/product/source-cd-organic-cotton-t-shirt-white-avnier-279815,https://static.smallable.com/1462919-648x648q80/.jpg,source cd organic cotton t-shirt,white,avnier,1,1,36.0,60.0
/en/product/sailor-cashmere-beanie-yellow-hurray-283238,https://static.smallable.com/1530324-648x648q80/.jpg,sailor cashmere beanie,yellow,hurray,0,0,189.0,189.0
/en/product/sailor-cashmere-beanie-green-hurray-283241,https://static.smallable.com/1530327-648x648q80/.jpg,sailor cashmere beanie,green,hurray,0,0,189.0,189.0
/en/product/sailor-cashmere-beanie-red-hurray-283236,https://static.smallable.com/1530322-648x648q80/.jpg,sailor cashmere beanie,red,hurray,0,0,189.0,189.0
/en/product/sailor-cashmere-beanie-navy-blue-hurray-283237,https://static.smallable.com/1530323-648x648q80/.jpg,sailor cashmere beanie,navy blue,hurray,0,0,189.0,189.0
/en/product/sailor-cashmere-beanie-light-blue-hurray-283235,https://static.smallable.com/1530321-648x648q80/.jpg,sailor cashmere beanie,light blue,hurray,0,0,189.0,189.0
/en/product/poe-shoulder-bag-black-sandqvist-278365,https://static.smallable.com/1574524-648x648q80/.jpg,poe shoulder bag,black,sandqvist,1,0,69.0,69.0
/en/product/decatur-t-shirt-midnight-blue-american-vintage-289784,https://static.smallable.com/1539684-648x648q80/.jpg,decatur t-shirt,midnight blue,american vintage,0,1,28.0,40.0
/en/product/nautical-turn-oceanside-socks-blue-thunders-love-287289,https://static.smallable.com/1527436-648x648q80/.jpg,nautical turn oceanside socks,blue,thunders love,1,0,25.0,25.0
/en/product/watch-beanie-black-carhartt-234530,https://static.smallable.com/1301350-648x648q80/.jpg,watch beanie,black,carhartt wip,0,0,25.0,25.0
/en/product/prentis-fleece-vest-black-carhartt-234466,https://static.smallable.com/1317065-648x648q80/.jpg,prentis fleece vest,black,carhartt wip,0,1,83.4,139.0
/en/product/alias-hoodie-black-daily-paper-209795,https://static.smallable.com/1185244-648x648q80/alias-hoodie.jpg,alias hoodie ,black,daily paper,0,1,66.0,110.0
/en/product/watch-beanie-grey-carhartt-234533,https://static.smallable.com/1301360-648x648q80/.jpg,watch beanie,grey,carhartt wip,0,1,11.4,19.0
/en/product/watch-beanie-navy-blue-carhartt-234528,https://static.smallable.com/1301346-648x648q80/.jpg,watch beanie,navy blue,carhartt wip,0,1,11.4,19.0
/en/product/hat-navy-blue-beton-cire-250322,https://static.smallable.com/1339830-648x648q80/.jpg,hat,navy blue,béton ciré,1,1,59.5,85.0
/en/product/blend-socks-blue-thunders-love-287301,https://static.smallable.com/1477199-648x648q80/.jpg,blend socks,blue,thunders love,1,0,28.0,28.0
/en/product/blend-socks-purple-thunders-love-287300,https://static.smallable.com/1477198-648x648q80/.jpg,blend socks,purple,thunders love,1,0,28.0,28.0
/en/product/blend-socks-orange-thunders-love-287298,https://static.smallable.com/1477195-648x648q80/.jpg,blend socks,orange,thunders love,1,0,28.0,28.0
/en/product/sonoma-t-shirt-white-american-vintage-289791,https://static.smallable.com/1521477-648x648q80/.jpg,sonoma t-shirt,white,american vintage,0,1,45.0,75.0
/en/product/new-standard-jeans-denim-a-p-c-287644,https://static.smallable.com/1695744-648x648q80/.jpg,new standard jeans,denim,a.p.c.,0,1,132.3,189.0
/en/product/ny-cap-grey-new-era-217502,https://static.smallable.com/1198716-648x648q80/ny-cap.jpg,ny cap,grey,new era,0,1,16.8,24.0
/en/product/ny-cap-blue-new-era-217500,https://static.smallable.com/1199274-648x648q80/ny-cap.jpg,ny cap,blue,new era,0,1,16.8,24.0
/en/product/two-tone-merino-wool-sheepskin-mittens-adult-collection-navy-blue-toasties-289451,https://static.smallable.com/1498001-648x648q80/.jpg,two-tone merino wool sheepskin mittens  - adult collection ,navy blue,toasties,0,1,94.5,135.0
/en/product/merino-sheepskin-phone-case-orange-toasties-242267,https://static.smallable.com/1301715-648x648q80/.jpg,merino sheepskin phone case,orange,toasties,1,1,57.4,82.0
/en/product/chase-hoodie-grey-carhartt-234482,https://static.smallable.com/1297232-648x648q80/.jpg,chase hoodie,grey,carhartt wip,0,0,85.0,85.0
/en/product/tic-tac-case-black-pijama-291166,https://static.smallable.com/1516248-648x648q80/.jpg,tic tac case,black,pijama,0,1,15.0,25.0
/en/product/dandy-pouch-grey-pijama-291162,https://static.smallable.com/1516244-648x648q80/.jpg,dandy pouch,grey,pijama,0,1,19.2,32.0
/en/product/dandy-case-grey-pijama-291167,https://static.smallable.com/1516249-648x648q80/.jpg,dandy case,grey,pijama,0,1,15.0,25.0
/en/product/sigrid-bag-black-sandqvist-254070,https://static.smallable.com/1470921-648x648q80/.jpg,sigrid bag,black,sandqvist,1,0,199.0,199.0
/en/product/decatur-t-shirt-marled-khaki-american-vintage-289783,https://static.smallable.com/1508305-648x648q80/.jpg,decatur t-shirt,marled khaki,american vintage,0,1,28.0,40.0
/en/product/bysapick-t-shirt-heather-white-american-vintage-289789,https://static.smallable.com/1706012-648x648q80/.jpg,bysapick t-shirt,heather white,american vintage,0,0,50.0,50.0
/en/product/bysapick-t-shirt-navy-blue-american-vintage-289788,https://static.smallable.com/1706008-648x648q80/.jpg,bysapick t-shirt,navy blue,american vintage,0,0,50.0,50.0
/en/product/special-duck-hoodie-navy-blue-edmmond-studios-264594,https://static.smallable.com/1421999-648x648q80/.jpg,special duck hoodie,navy blue,edmmond studios,1,1,70.0,100.0
/en/product/regular-waterproof-trousers-black-rains-287389,https://static.smallable.com/1506044-648x648q80/.jpg,regular waterproof trousers,black,rains,0,0,70.0,70.0
/en/product/waterproof-quilted-anorak-black-rains-287384,https://static.smallable.com/1506016-648x648q80/.jpg,waterproof quilted anorak ,black,rains,0,1,140.0,200.0
/en/product/waterproof-windbreaker-black-rains-287387,https://static.smallable.com/1506035-648x648q80/.jpg,waterproof windbreaker,black,rains,0,1,66.5,95.0
/en/product/fishtail-waterproof-parka-charcoal-grey-rains-287386,https://static.smallable.com/1506028-648x648q80/.jpg,fishtail waterproof parka,charcoal grey,rains,0,1,84.0,120.0
/en/product/regular-waterproof-trousers-khaki-rains-287390,https://static.smallable.com/1506047-648x648q80/.jpg,regular waterproof trousers,khaki,rains,0,0,70.0,70.0
/en/product/fishtail-waterproof-parka-khaki-rains-287385,https://static.smallable.com/1506021-648x648q80/.jpg,fishtail waterproof parka,khaki,rains,0,1,84.0,120.0
/en/product/chase-joggers-grey-carhartt-234488,https://static.smallable.com/1314012-648x648q80/.jpg,chase joggers,grey,carhartt wip,0,0,85.0,85.0
/en/product/scout-backpack-light-blue-lefrik-250988,https://static.smallable.com/1707653-648x648q80/.jpg,scout backpack,light blue,lefrik,1,0,60.0,60.0
/en/product/watch-timex-x-space-invaders-collaboration-black-timex-277304,https://static.smallable.com/1452321-648x648q80/.jpg,watch - timex x space invaders collaboration,black,timex,0,1,53.4,89.0
/en/product/taco-recycled-nylon-bag-camel-topo-designs-268817,https://static.smallable.com/1426502-648x648q80/.jpg,taco recycled nylon bag,camel,topo designs,1,1,15.4,22.0
/en/product/premium-line-reverse-weave-t-shirt-men-s-collection-heather-grey-champion-253724,https://static.smallable.com/1342385-648x648q80/.jpg,premium line - reverse weave t-shirt- men’s collection ,heather grey,champion,0,1,24.0,40.0
/en/product/roll-backpack-navy-blue-lefrik-250985,https://static.smallable.com/1448262-648x648q80/.jpg,roll backpack,navy blue,lefrik,1,1,40.0,80.0
/en/product/smart-daily-mini-backpack-light-blue-lefrik-251004,https://static.smallable.com/1448266-648x648q80/.jpg,smart daily mini backpack,light blue,lefrik,1,1,45.0,75.0
/en/product/ray-legacy-mesh-watch-adult-collection-black-komono-275588,https://static.smallable.com/1446328-648x648q80/.jpg,ray legacy mesh watch - adult collection ,black,komono,0,0,99.0,99.0
/en/product/ray-legacy-mesh-watch-adult-collection-silver-komono-275589,https://static.smallable.com/1678453-648x648q80/.jpg,ray legacy mesh watch - adult collection ,silver,komono,0,0,99.0,99.0
/en/product/alpha-sunglasses-adult-collection-brown-komono-275575,https://static.smallable.com/1446315-648x648q80/.jpg,alpha sunglasses - adult collection ,brown,komono,0,0,59.0,59.0
/en/product/ace-organic-cotton-t-shirt-white-wood-wood-255646,https://static.smallable.com/1422522-648x648q80/.jpg,ace organic cotton t-shirt,white,wood wood,1,0,55.0,55.0
/en/product/waterproof-bucket-hat-black-rains-262840,https://static.smallable.com/1360968-648x648q80/.jpg,waterproof bucket hat,black,rains,0,1,18.9,27.0
/en/product/waterproof-cap-green-rains-230564,https://static.smallable.com/1258965-648x648q80/.jpg,waterproof cap,green,rains,1,1,29.4,42.0
/en/product/le-vrai-claude-3-0-waterproof-windbreaker-adult-collection-black-k-way-268927,https://static.smallable.com/1412788-648x648q80/.jpg,le vrai claude 3.0 waterproof windbreaker - adult collection ,black,k-way,0,0,120.0,120.0
/en/product/le-vrai-effeil-waterproof-windbreaker-adult-collection-black-k-way-268928,https://static.smallable.com/1412776-648x648q80/.jpg,le vrai effeil waterproof windbreaker - adult collection ,black,k-way,0,0,150.0,150.0
/en/product/le-vrai-3-0-eiffel-waterproof-windcheater-women-s-collection-khaki-k-way-201915,https://static.smallable.com/1152703-648x648q80/le-vrai-30-eiffel-waterproof-windcheater-women-s-collection.jpg,le vrai 3.0 eiffel waterproof  windcheater - women's collection,khaki,k-way,0,1,75.0,150.0
/en/product/art-camo-waterproof-cape-black-rain-kiss-270655,https://static.smallable.com/1410937-648x648q80/.jpg,art camo waterproof cape,black,rain kiss,1,1,55.3,79.0
/en/product/denar-wallet-black-ucon-acrobatics-250880,https://static.smallable.com/1563926-648x648q80/.jpg,denar wallet,black,ucon acrobatics,1,1,31.5,45.0
/en/product/hooded-windbreaker-adult-collection-electric-blue-patagonia-241069,https://static.smallable.com/1351631-648x648q80/.jpg,hooded windbreaker - adult collection ,electric blue,patagonia,1,1,65.0,130.0
/en/product/best-dad-bracelet-women-s-collection-black-bbuble-227713,https://static.smallable.com/1433049-648x648q80/best-dad-bracelet-women-s-collection.jpg,best dad bracelet - women's collection,black,bbuble,0,0,10.0,10.0
/en/product/superdad-bracelet-women-s-collection-black-bbuble-227714,https://static.smallable.com/1433050-648x648q80/superdad-bracelet-women-s-collection.jpg,superdad bracelet - women's collection,black,bbuble,0,0,10.0,10.0
/en/product/two-tone-zip-up-jacket-adult-collection-navy-blue-patagonia-241092,https://static.smallable.com/1353407-648x648q80/.jpg,two-tone zip-up jacket - adult collection ,navy blue,patagonia,1,1,85.0,170.0
/en/product/comfy-room-nordic-socks-red-rototo-241778,https://static.smallable.com/1350841-648x648q80/.jpg,comfy room “nordic” socks,red,rototo,0,0,45.0,45.0
/en/product/mono-glow-watch-adult-collection-navy-blue-komono-250585,https://static.smallable.com/1348542-648x648q80/.jpg,mono glow watch - adult collection ,navy blue,komono,0,0,59.0,59.0
/en/product/denar-wallet-camel-ucon-acrobatics-250884,https://static.smallable.com/1563927-648x648q80/.jpg,denar wallet,camel,ucon acrobatics,1,1,31.5,45.0
/en/product/navi-land-watch-khaki-timex-249913,https://static.smallable.com/1341699-648x648q80/.jpg,navi land watch,khaki,timex,0,1,90.0,150.0
/en/product/puffer-jacket-adult-collection-black-taion-245475,https://static.smallable.com/1339946-648x648q80/.jpg,puffer jacket - adult collection ,black,taion,0,1,69.3,99.0
/en/product/puffer-jacket-adult-collection-olive-green-taion-245477,https://static.smallable.com/1339950-648x648q80/.jpg,puffer jacket - adult collection ,olive green,taion,0,1,69.3,99.0
/en/product/eli-cap-adult-collection-navy-blue-wood-wood-234737,https://static.smallable.com/1337388-648x648q80/.jpg,eli cap - adult collection ,navy blue,wood wood,0,0,40.0,40.0
/en/product/le-vrai-claude-3-0-k-way-raincoat-men-s-collection-green-k-way-242822,https://static.smallable.com/1335520-648x648q80/.jpg,le vrai claude 3.0 k-way raincoat - men’s collection,green,k-way,0,1,60.0,120.0
/en/product/woollen-scarf-ivory-le-bonnet-241990,https://static.smallable.com/1281395-648x648q80/.jpg,woollen scarf,ivory,le bonnet amsterdam,1,1,77.0,110.0
/en/product/le-vrai-claude-3-0-k-way-raincoat-men-s-collection-yellow-k-way-242823,https://static.smallable.com/1325584-648x648q80/.jpg,le vrai claude 3.0 k-way raincoat - men’s collection,yellow,k-way,0,1,60.0,120.0
/en/product/woollen-scarf-dark-green-le-bonnet-241988,https://static.smallable.com/1281145-648x648q80/.jpg,woollen scarf,dark green,le bonnet amsterdam,1,1,77.0,110.0
/en/product/le-vrai-leon-3-0-k-way-raincoat-men-s-collection-black-k-way-242825,https://static.smallable.com/1325575-648x648q80/.jpg,le vrai leon 3.0 k-way raincoat - men’s collection,black,k-way,0,1,49.5,99.0
/en/product/le-vrai-leon-3-0-k-way-raincoat-men-s-collection-navy-blue-k-way-242826,https://static.smallable.com/1325573-648x648q80/.jpg,le vrai leon 3.0 k-way raincoat - men’s collection,navy blue,k-way,0,1,49.5,99.0
/en/product/le-vrai-claude-3-0-k-way-raincoat-men-s-collection-navy-blue-k-way-242821,https://static.smallable.com/1325586-648x648q80/.jpg,le vrai claude 3.0 k-way raincoat - men’s collection,navy blue,k-way,0,0,120.0,120.0
/en/product/waterproof-raincoat-black-rains-230556,https://static.smallable.com/1258938-648x648q80/.jpg,waterproof raincoat,black,rains,1,0,80.0,80.0
/en/product/long-waterproof-parka-green-rains-197866,https://static.smallable.com/1125661-648x648q80/long-waterproof-parka.jpg,long waterproof parka,green,rains,0,0,95.0,95.0
/en/product/jumper-adult-collection-grey-patagonia-241072,https://static.smallable.com/1320170-648x648q80/.jpg,jumper - adult collection ,grey,patagonia,1,1,65.0,130.0
/en/product/polar-fleece-zip-up-sweatshirt-adult-collection-burgundy-patagonia-241060,https://static.smallable.com/1320185-648x648q80/.jpg,polar fleece zip-up sweatshirt - adult collection ,burgundy,patagonia,1,1,55.0,110.0
/en/product/chase-hoodie-navy-blue-carhartt-234481,https://static.smallable.com/1297229-648x648q80/.jpg,chase hoodie,navy blue,carhartt wip,0,1,37.5,75.0
/en/product/ace-organic-cotton-t-shirt-adult-collection-grey-wood-wood-234745,https://static.smallable.com/1295099-648x648q80/.jpg,ace organic cotton t-shirt - adult collection ,grey,wood wood,1,0,55.0,55.0
/en/product/chase-sweatshirt-navy-blue-carhartt-234475,https://static.smallable.com/1297194-648x648q80/.jpg,chase sweatshirt,navy blue,carhartt wip,0,1,39.0,65.0
/en/product/t80-watch-silver-timex-227535,https://static.smallable.com/1333266-648x648q80/.jpg,t80 watch,silver,timex,0,1,35.4,59.0
/en/product/madison-sunglasses-adult-collection-blue-komono-215317,https://static.smallable.com/1201460-648x648q80/madison-sunglasses.jpg,madison sunglasses - adult collection -  ,blue,komono,0,0,49.0,49.0
/en/product/coda-jogger-black-avnier-210334,https://static.smallable.com/1181746-648x648q80/coda-jogger.jpg,coda jogger ,black,avnier,0,1,54.0,90.0
/en/product/redbox-t-shirt-black-the-north-face-221591,https://static.smallable.com/1207317-648x648q80/redbox-t-shirt.jpg,redbox t-shirt ,black,the north face,0,0,35.0,35.0
/en/product/sue-sunglasses-adult-collection-grey-komono-215299,https://static.smallable.com/1201445-648x648q80/sue-sunglasses.jpg,sue sunglasses - adult collection -  ,grey,komono,0,0,59.0,59.0
/en/product/chase-t-shirt-navy-blue-carhartt-219498,https://static.smallable.com/1204364-648x648q80/chase-t-shirt.jpg,chase t-shirt ,navy blue,carhartt wip,0,0,35.0,35.0
/en/product/mohave-plain-bag-green-element-213741,https://static.smallable.com/1209522-648x648q80/mohave-plain-bag.jpg,mohave plain bag ,green,element,0,1,32.0,64.0
/en/product/merino-wool-mittens-adult-collection-orange-toasties-196485,https://static.smallable.com/1577392-648x648q80/merino-wool-mittens.jpg,merino wool mittens - adult collection - ,orange,toasties,0,1,87.5,125.0
/en/product/le-vrai-3-0-claude-waterproof-windcheater-women-s-collection-burgundy-k-way-201917,https://static.smallable.com/1152707-648x648q80/le-vrai-30-claude-waterproof-windcheater-women-s-collection.jpg,le vrai 3.0 claude waterproof  windcheater - women's collection,burgundy,k-way,0,1,60.0,120.0
